TALB2018_V,TALB2018_1,LAND_AREA_,AREA_SQ_KM,Shape_Leng,NZDep1991 CAU score_count,NZDep1991 CAU score_min,NZDep1991 CAU score_max,NZDep1991 CAU score_mean,NZDep1991 CAU score_median,NZDep1991 CAU score_stddev,NZDep1991 CAU score_q1,NZDep1991 CAU score_q3,NZDep1991 CAU scale_count,NZDep1991 CAU scale_min,NZDep1991 CAU scale_max,NZDep1991 CAU scale_mean,NZDep1991 CAU scale_median,NZDep1991 CAU scale_stddev,NZDep1991 CAU scale_q1,NZDep1991 CAU scale_q3,NZDep1996 CAU score_count,NZDep1996 CAU score_min,NZDep1996 CAU score_max,NZDep1996 CAU score_mean,NZDep1996 CAU score_median,NZDep1996 CAU score_stddev,NZDep1996 CAU score_q1,NZDep1996 CAU score_q3,NZDep1996 CAU scale_count,NZDep1996 CAU scale_min,NZDep1996 CAU scale_max,NZDep1996 CAU scale_mean,NZDep1996 CAU scale_median,NZDep1996 CAU scale_stddev,NZDep1996 CAU scale_q1,NZDep1996 CAU scale_q3,NZDep2001 CAU scale_count,NZDep2001 CAU scale_min,NZDep2001 CAU scale_max,NZDep2001 CAU scale_mean,NZDep2001 CAU scale_median,NZDep2001 CAU scale_stddev,NZDep2001 CAU scale_q1,NZDep2001 CAU scale_q3,NZDep2001 CAU score_count,NZDep2001 CAU score_min,NZDep2001 CAU score_max,NZDep2001 CAU score_mean,NZDep2001 CAU score_median,NZDep2001 CAU score_stddev,NZDep2001 CAU score_q1,NZDep2001 CAU score_q3,NZDep2006 CAU scale_count,NZDep2006 CAU scale_min,NZDep2006 CAU scale_max,NZDep2006 CAU scale_mean,NZDep2006 CAU scale_median,NZDep2006 CAU scale_stddev,NZDep2006 CAU scale_q1,NZDep2006 CAU scale_q3,NZDep2006 CAU score_count,NZDep2006 CAU score_min,NZDep2006 CAU score_max,NZDep2006 CAU score_mean,NZDep2006 CAU score_median,NZDep2006 CAU score_stddev,NZDep2006 CAU score_q1,NZDep2006 CAU score_q3,NZDep2013 CAU scale_count,NZDep2013 CAU scale_min,NZDep2013 CAU scale_max,NZDep2013 CAU scale_mean,NZDep2013 CAU scale_median,NZDep2013 CAU scale_stddev,NZDep2013 CAU scale_q1,NZDep2013 CAU scale_q3,NZDep2013 CAU score_count,NZDep2013 CAU score_min,NZDep2013 CAU score_max,NZDep2013 CAU score_mean,NZDep2013 CAU score_median,NZDep2013 CAU score_stddev,NZDep2013 CAU score_q1,NZDep2013 CAU score_q3,SA2_average_NZDep2018_count,SA2_average_NZDep2018_min,SA2_average_NZDep2018_max,SA2_average_NZDep2018_mean,SA2_average_NZDep2018_median,SA2_average_NZDep2018_stddev,SA2_average_NZDep2018_q1,SA2_average_NZDep2018_q3,SA2_average_NZDep2018_score_count,SA2_average_NZDep2018_score_min,SA2_average_NZDep2018_score_max,SA2_average_NZDep2018_score_mean,SA2_average_NZDep2018_score_median,SA2_average_NZDep2018_score_stddev,SA2_average_NZDep2018_score_q1,SA2_average_NZDep2018_score_q3
"04000",Palmerston North City,394.70465184,394.70465184,108292.588327,"27",859,1116,965.666666666667,965,57.3552929521734,918.5,993.5,"27",1,10,4.44444444444444,5,2.5434495871688,2,6,"27",899,1117,975.222222222222,960,53.9844513508688,943.5,1007.5,"27",1,10,4.85185185185185,4,2.50486495094977,3.5,7,"27",1,10,5.2962962962963,5,2.5936505777795,3.5,7,"27",895,1145,982.259259259259,971,61.9023080958978,934,1013,"27",1,10,5.2962962962963,5,2.5936505777795,3.5,7.5,"27",889,1135,982.37037037037,962,60.1542142534953,944.5,1021.5,"27",1,10,5.66666666666667,6,2.52395926480012,4,8,"27",893,1142,988.925925925926,978,58.3723208923963,949,1028,"40",1,10,5.55,6,3.05736814924209,2.5,8,"40",885,1196,999.675,999,74.7092321938862,936,1051
"04100",Tararua District,4364.57648963,4364.57648963,421712.15662,"11",933,1061,992.363636363636,986,44.49366191283,958,1023.5,"11",3,9,5.72727272727273,6,2.09288444240388,4,7,"11",937,1088,999.818181818182,974,52.128893021081,957.5,1040,"11",3,9,5.90909090909091,5,2.23421922317173,4,8,"11",3,9,5.81818181818182,6,2.24896670488236,3.5,7.5,"11",931,1102,994.545454545455,979,56.2047614229575,942,1032.5,"11",3,10,6.27272727272727,6,2.33903278732157,4,8.5,"11",943,1124,1006,989,60.8096882233266,950.5,1051,"11",5,10,7,6,2.08893187146837,5,9,"11",959,1120,1022.36363636364,985,63.5842643873934,964,1086,"11",4,10,6.90909090909091,6,1.92847303959968,6,8.5,"11",961,1122,1025.27272727273,1002,49.1770288375503,991.5,1061.5
"04200",Horowhenua District,1063.99078448,1063.99078448,160856.340294,"16",948,1128,1025.8125,1004.5,58.7624654328765,975,1074.5,"16",4,10,6.9375,6,2.13508635656734,5,9,"16",936,1149,1040.4375,1018,65.9810282865461,989.5,1101,"16",3,10,7.4375,7.5,2.2070554478762,6,9.5,"16",3,10,7.25,7,2.27760839478607,5.5,9.5,"16",935,1165,1037.5,1021.5,69.4307208661987,979.5,1104.5,"16",4,10,7.125,7.5,2.20439901106855,5,9,"16",954,1239,1038.125,1024,79.1200630371336,969.5,1095.5,"16",4,10,7.75,8.5,2.13600093632938,5.5,10,"16",955,1255,1055.9375,1052,84.3500657601996,974.5,1134,"22",4,10,7.72727272727273,8.5,2.02668152814618,6,10,"22",962,1233,1064.54545454545,1069,78.8155079760364,986,1123
"04300",Kapiti Coast District,731.49999798,731.49999798,185797.700896,"15",0,1047,896.066666666667,956,241.280325670278,940.5,964.5,"15",0,8,3.86666666666667,4,1.78387842136795,3,4.5,"15",0,1061,901.533333333333,959,243.96280226479,941.5,984,"15",0,9,4.33333333333333,4,2.24103150852955,3,6,"17",1,9,4.11764705882353,4,2.11110099352075,3,6,"17",888,1065,955.058823529412,952,41.453688671797,928,980,"17",1,9,4.23529411764706,5,2.07306002196542,3,6,"17",897,1065,956.882352941176,959,40.6388431298709,930,976,"17",1,9,4.35294117647059,4,1.99826914723094,3,5,"17",897,1083,958.235294117647,952,41.460866611874,936,973,"23",1,9,4.30434782608696,4,2.25417067770708,3,6,"23",907,1087,967.869565217391,956,45.9804347312184,940,989
"04400",Porirua City,174.80979554,182.4482717,89301.8903177,"24",0,1233,922.916666666667,926,307.172849910636,884.5,1122.5,"24",0,10,4.79166666666667,2,4.27179867138994,1,10,"24",0,1263,942.958333333333,944.5,316.235075954406,888.5,1136,"24",0,10,5.04166666666667,3.5,4.2079207718566,1,10,"22",1,10,5.54545454545455,6.5,4.00825594273611,1,10,"22",858,1266,1026.72727272727,1002,138.87770349817,904,1155,"22",1,10,5.59090909090909,6,3.98473326253511,1,10,"22",879,1222,1024.40909090909,994,123.068591034323,912,1138,"24",1,10,5.16666666666667,4.5,4.00693842672377,1,9.5,"24",850,1238,1010.20833333333,964.5,125.293648138638,904,1110,"23",1,10,5.21739130434783,5,3.92269341517912,1,9.5,"23",875,1247,1018.5652173913,982,128.402839629631,909.5,1119.5
"04500",Upper Hutt City,539.86899613,539.86899613,128058.848883,"20",875,1044,962.6,962,52.7583168799006,920,1006,"20",1,8,4.4,4.5,2.43721152139079,2,6.5,"20",896,1115,979.75,973.5,62.1360402664991,930,1015,"20",1,10,5.05,5,2.78343313194336,2.5,7,"20",1,9,4.8,5,2.58069758011279,2.5,7,"20",897,1084,972.1,967,53.526535475407,929.5,1011,"22",1,9,4.72727272727273,5,2.73332661424962,1,7,"22",874,1070,967.136363636364,968.5,54.1305622416306,910,1018,"22",1,9,4.90909090909091,5,2.64418901313618,2,7,"22",884,1068,972.5,973.5,52.2996175894241,925,1022,"19",1,8,4.68421052631579,5,2.36315203375196,2.5,7,"19",887,1033,970.526315789474,965,48.3565359660627,929,1017.5
"04600",Lower Hutt City,376.40340483,376.53167351,128656.474601,"36",866,1177,998.972222222222,993.5,83.2774766505563,915,1056,"36",1,10,5.69444444444444,6,3.2388221834183,1.5,8.5,"36",877,1160,1002.25,994.5,78.6056878773201,933.5,1059.5,"36",1,10,5.77777777777778,6,3.18076782406659,2.5,8.5,"40",1,10,5.625,6,3.11999599358717,2.5,8,"40",878,1166,994.225,999.5,76.4308470121848,921.5,1037,"42",1,10,5.78571428571429,7,3.09789263460021,2,8,"42",882,1202,1001.16666666667,1003,81.0613866936559,923,1041,"42",1,10,5.64285714285714,6.5,3.03017702273574,3,8,"42",891,1153,997.357142857143,1000.5,73.8192197932514,938,1045,"43",1,10,5.44186046511628,6,3.1275395305917,2,8,"43",894,1147,997.162790697674,994,77.3571993410208,922,1037
"04700",Wellington City,289.77598705,289.91218209,130029.740922,"43",863,1106,942.232558139535,928,63.8926560576964,895,959.5,"43",1,10,3.27906976744186,2,2.71366551550043,1,4,"53",0,1110,924.981132075472,926,139.401752860591,900,961,"53",0,10,3.24528301886792,2,2.51715368139281,1,5,"52",1,9,3.5,3,2.59807621135332,1,5,"52",876,1098,944.153846153846,931.5,56.3080075653218,899,970,"57",1,9,3.70175438596491,3,2.66204585801974,1,5,"57",876,1090,950.263157894737,933,56.7813678100359,902,974,"77",1,9,3.63636363636364,3,2.49627822140836,1,5,"77",870,1072,946.909090909091,937,50.0275720908323,907,965,"78",1,9,3.61538461538462,3,2.26586016514004,2,5,"78",882,1075,950.858974358974,944.5,46.0851286873276,916,979
"04800",Masterton District,2300.19597295,2300.19597295,332320.505837,"12",910,1211,1022.91666666667,1009,83.2540873204166,960.5,1073.5,"12",2,10,6.41666666666667,6.5,2.62863504926458,4.5,9,"12",902,1144,1012,1007,75.1054813800786,947.5,1060.5,"12",1,10,6.16666666666667,7,2.76385399196283,3.5,8,"12",1,10,5.83333333333333,6,2.93919868142473,3,8,"12",903,1161,1003.41666666667,988.5,79.0426660453426,934,1052,"12",1,10,6.08333333333333,7,2.98491578142872,3,8.5,"12",911,1133,1009.5,1006.5,76.7012603112448,932,1065,"12",2,10,6.41666666666667,7.5,2.72208049517685,3,8.5,"12",921,1156,1017.83333333333,1026,72.5440479218584,935,1061.5,"15",1,10,5.93333333333333,7,2.64491125665032,4,7.5,"15",892,1240,1015.06666666667,1022,81.0271285160443,959,1032.5
"04900",Carterton District,1179.96897902,1179.96897902,322243.461679,"4",918,1040,966.25,953.5,45.0465037489038,934,998.5,"4",2,8,4.5,4,2.17944947177034,3,6,"4",926,1032,959,939,42.7668095606862,929,989,"4",2,8,4.25,3.5,2.27760839478607,2.5,6,"4",2,7,3.5,2.5,2.06155281280883,2,5,"4",912,1012,942.75,923.5,40.9351621469856,912.5,973,"4",1,7,3.25,2.5,2.27760839478607,1.5,5,"4",906,1009,943.25,929,39.2643285947945,915,971.5,"4",2,7,3.5,2.5,2.06155281280883,2,5,"4",918,1012,946.25,927.5,38.2908278834501,920.5,972,"5",2,6,3.8,3,1.83303027798234,2,6,"5",925,996,956.8,939,32.3443967326645,928,996
"05000",South Wairarapa District,2386.93692003,2457.84483362,320020.443925,"4",974,1040,1014.25,1021.5,26.7803566070357,990,1038.5,"4",5,8,7,7.5,1.22474487139159,6,8,"4",974,1064,1017,1015,39.0960356046492,978.5,1055.5,"4",5,9,7,7,1.58113883008419,5.5,8.5,"5",2,8,5.4,5,2.0591260281974,5,7,"5",926,1040,983,976,38.501948002666,966,1007,"5",3,8,4.8,4,1.93907194296653,3,6,"5",932,1035,972,957,37.8893124772673,942,994,"5",2,9,5.2,5,2.31516738055805,4,6,"5",924,1060,978.4,959,46.6158771235724,954,995,"6",2,7,4,3.5,1.63299316185545,3,5,"6",916,1031,958.166666666667,949.5,36.0897800245751,939,964
"05100",Tasman District,9615.97603486,14800.2536995,759487.941347,"17",0,1074,921,976,234.434990361683,932,1013,"17",0,9,4.70588235294118,5,2.41964280014154,3,7,"30",0,1049,814.766666666667,971.5,366.313225107815,923,1001,"30",0,8,4.26666666666667,5,2.70719206723293,2,6,"25",1,9,4.76,5,2.08384260442098,3,6,"25",872,1058,967.4,959,43.5825653214677,937,996,"25",1,9,4.88,5,2.23284571791246,3,6,"25",886,1060,967.12,962,43.6672142459306,937,995,"24",1,9,4.875,5,2.08791163606126,3,6.5,"24",888,1070,968.25,967,41.6985711186047,936.5,992,"30",1,9,4.5,5,2.15638586528478,2,6,"30",884,1064,967.3,972.5,43.0001162789126,930,992
"05200",Nelson City,422.19524201,447.21162076,133822.094291,"25",0,1072,944.64,979,199.416725477077,935,1026,"25",0,9,5.08,5,2.66713329250714,3,7,"28",0,1080,916.75,979,258.964507358496,939.5,1034,"28",0,9,5.14285714285714,5.5,2.73488424558238,3,8,"26",2,9,5.53846153846154,6,2.24003381208631,3,8,"26",911,1078,986.923076923077,987.5,48.0007396392718,939,1027,"29",2,9,5.58620689655172,6,2.32701142328317,3,8,"29",914,1067,985.413793103448,987,46.503627772005,940,1025,"28",1,9,5.46428571428571,6,2.44192755913881,3,8,"28",896,1080,985.285714285714,979,49.9305640313606,938,1031.5,"26",1,9,5.57692307692308,6,2.15144096476108,4,7,"26",894,1077,991.384615384615,991.5,46.7966771692482,954,1031
"05300",Marlborough District,10457.7454853,12484.5955561,694840.17621,"15",899,1075,978.866666666667,984,46.9593677792006,941.5,1014,"15",1,9,5,6,2.16024689946929,3,6.5,"17",901,1070,974,967,43.0403367579216,945,996,"17",1,9,5.05882352941176,5,2.26145679844013,3,6,"17",1,8,4.82352941176471,6,2.00690848343906,3,6,"17",903,1047,969.235294117647,982,38.5158934524815,940,995,"17",1,8,4.88235294117647,4,1.93671501566522,4,7,"17",910,1039,967.764705882353,957,35.712132411606,945,998,"24",1,9,4.375,4,2.49687304442977,2.5,6.5,"24",885,1071,962.916666666667,949.5,50.1272685826343,925.5,1002,"23",1,8,4.69565217391304,5,2.33004539251726,2.5,6.5,"23",902,1056,970.04347826087,965,44.5328196130035,929.5,999
"05400",Kaikoura District,2046.79183053,2046.79183053,314055.976648,"2",979,1023,1001,1001,22,979,1023,"2",5,7,6,6,1,5,7,"2",985,1003,994,994,9,985,1003,"2",6,7,6.5,6.5,0.5,6,7,"2",5,6,5.5,5.5,0.5,5,6,"2",960,993,976.5,976.5,16.5,960,993,"2",4,7,5.5,5.5,1.5,4,7,"2",948,1007,977.5,977.5,29.5,948,1007,"2",4,7,5.5,5.5,1.5,4,7,"2",954,1008,981,981,27,954,1008,"2",4,6,5,5,1,4,6,"2",962,997,979.5,979.5,17.5,962,997
"05500",Buller District,7943.33708856,7949.68306156,744473.036707,"6",0,1111,891.833333333333,1047.5,399.873903735776,1039,1106,"6",0,10,7.33333333333333,8,3.39934634239519,8,10,"7",0,1214,922,1023,385.223126438246,994.5,1114,"7",0,10,6.71428571428571,7,3.1943828249997,6,9,"15",4,10,7.53333333333333,8,2.02868320729373,6,9,"15",952,1248,1051.73333333333,1037,83.1500384178437,982.5,1092,"15",4,10,7.53333333333333,8,1.78387842136795,6.5,9,"15",954,1163,1037.53333333333,1036,59.5481504517329,994,1055.5,"15",4,9,6.73333333333333,7,1.65193489244852,5.5,8,"15",944,1102,1011.13333333333,1003,46.55014023132,978,1036,"8",5,10,8.125,9,1.61535599791501,7,9,"8",974,1126,1059.625,1074,50.5616888068427,1018,1096.5
"05600",Grey District,3474.30441222,3515.44911591,345636.118172,"11",900,1138,1020.72727272727,1025,72.9770710056384,952.5,1083,"11",1,10,6.36363636363636,7,2.93173009029038,3.5,9,"11",905,1143,1019.72727272727,1013,70.5035020524009,979,1070,"11",1,10,6.63636363636364,7,2.90055566064433,5.5,9,"21",2,9,6.33333333333333,7,2.18944074906146,5,8,"21",914,1090,1003.90476190476,1007,50.6433888525158,964,1037,"21",1,9,5.71428571428571,6,2.1189138534559,4,7,"21",897,1095,988.190476190476,977,50.0757702530866,949,1010,"21",1,9,5.61904761904762,6,2.33964161838824,4,7,"21",901,1077,986.714285714286,983,49.6695200750903,957,1015,"13",2,10,6.69230769230769,7,2.29998713657324,5,8,"13",916,1125,1019.07692307692,1029,56.9378359244827,974,1056
"05700",Westland District,11827.8143792,11889.0506163,1003248.80087,"7",902,1036,973.714285714286,985,40.5945608098787,950.5,996,"7",1,8,4.85714285714286,6,2.16653584115759,3.5,6,"7",945,1132,996.857142857143,983,61.1869000252005,948.5,1010.5,"7",3,10,5.85714285714286,6,2.2314999074019,4,7,"19",2,9,5.05263157894737,5,2.1144536238527,3.5,7,"19",910,1072,973,960,45.4914682573615,940.5,1010.5,"19",2,9,5.63157894736842,6,1.75350855252186,4.5,7,"19",927,1093,985.789473684211,978,39.7949731649197,960,1002,"19",3,8,4.89473684210526,5,1.4830529266953,4,6,"19",931,1030,967.789473684211,961,26.2088352868153,950,981.5,"8",3,8,6.25,6.5,1.5612494995996,5.5,7.5,"8",944,1042,1001.375,1002.5,29.2144548982178,986.5,1023.5
"05800",Hurunui District,8640.92115439,8654.45888553,579138.666037,"8",857,1040,978.75,989.5,52.994693130539,961.5,1015.5,"8",1,8,5.5,6,2.06155281280883,4.5,7,"8",945,1017,985,988,26.6739573366983,961,1010,"8",3,7,5.625,6,1.49478259288767,4.5,7,"7",3,6,5,5,1.0690449676497,4.5,6,"7",941,989,969,975,16.6904592079256,957,982,"10",1,9,4.6,4.5,2.37486841740758,2,6,"10",910,1089,968.9,959,49.9848977192111,927,982,"9",2,8,5,5,1.9436506316151,4,6,"9",927,1048,973.777777777778,961,40.0243752891154,949,976,"9",2,6,4,4,1.33333333333333,3,5,"9",918,996,957.111111111111,962,25.0130829964572,936,977
"05900",Waimakariri District,2217.43147998,2217.43147998,263994.658598,"11",903,1074,972.090909090909,974,46.0897435750072,942,997,"11",1,9,4.63636363636364,5,2.22680885707562,3,6,"15",906,1031,947.933333333333,940,37.1473941063016,920.5,965.5,"15",1,8,3.53333333333333,3,2.1249836600679,2,5,"15",1,8,3.33333333333333,3,2.11869981094276,2,5,"15",894,1036,940.933333333333,927,39.8939705831456,919,964,"22",1,7,3.09090909090909,2,2.25447213957041,1,5,"22",881,1008,934.636363636364,920.5,40.4503572908655,902,972,"39",1,8,3.41025641025641,3,2.22708212826754,1.5,5.5,"39",876,1055,942.307692307692,931,42.4615384615385,913,971,"34",1,10,3.67647058823529,3,2.50553021552318,2,6,"34",888,1126,953.852941176471,938.5,51.4650837392757,913,987
"06000",Christchurch City,1415.85531959,1608.61134251,323337.645729,"103",0,1165,968.854368932039,979,156.449589124494,930,1046.5,"103",0,10,5.16504854368932,5,3.15335262294495,3,8,"107",0,1174,943.878504672897,962,196.596541658689,923.5,1018.5,"107",0,10,4.8785046728972,5,2.91855258062383,2,7,"104",1,10,5.16346153846154,5,2.69654542860318,3,8,"104",878,1170,980.384615384615,964.5,63.1061845823718,930.5,1030,"119",1,10,5.10924369747899,5,2.79191484534123,3,8,"119",884,1168,980.470588235294,959,62.7651114790829,931,1028,"124",1,10,4.67741935483871,4,2.66866037160599,2,7,"124",881,1170,970.290322580645,956.5,59.1596765178985,923,1011.5,"166",1,10,4.98795180722892,5,2.7572204263724,2,8,"166",874,1206,982.39156626506,975.5,65.1011052500319,930,1032
"06200",Selwyn District,6380.88684265,6552.58229702,513183.5727,"10",897,985,935.7,937.5,28.0037497489176,906,951,"10",1,6,2.9,3,1.64012194668567,1,4,"10",898,962,933.1,940.5,22.7,903,949,"10",1,5,3,3.5,1.4142135623731,1,4,"11",1,4,2.45454545454545,3,1.07565086965448,1.5,3,"11",889,944,921.818181818182,930,19.6043510097222,907,938,"11",1,5,2.72727272727273,3,1.35451494779558,1.5,4,"11",895,958,930.090909090909,932,21.4749517745444,913.5,947,"19",1,4,1.89473684210526,1,1.11896271712996,1,2.5,"19",876,954,910.210526315789,903,24.0997465533046,892.5,926.5,"28",1,5,2.10714285714286,1,1.37163316926225,1,3,"28",857,971,916.821428571429,908,30.383329041984,896.5,945
"06300",Ashburton District,6181.68903268,6189.51719476,419614.882509,"11",930,1032,973.090909090909,959,33.931627899363,946.5,1008,"11",3,8,4.90909090909091,4,1.88074189687065,3,7,"11",924,1015,963.454545454545,959,34.6891747231785,927.5,1000,"11",2,7,4.18181818181818,4,1.99171839092788,2,6,"11",1,7,3.90909090909091,4,2.27454472785396,2,6,"11",895,1013,953.545454545455,952,41.7097408208064,918,997.5,"11",1,8,4.54545454545455,5,2.34960872424002,2.5,7,"11",906,1028,964.727272727273,964,41.510329293039,929.5,1002.5,"16",1,8,4.25,4,2.27760839478607,2,6,"16",912,1050,959.625,948.5,45.1011017049473,919,984.5,"20",1,8,4.55,4,2.13248681121361,3,6,"20",913,1045,970.45,958,40.5369892813958,935.5,997.5
"06400",Timaru District,2732.40494526,2733.03117955,443811.964256,"24",0,1068,947.291666666667,981.5,203.254249477239,945.5,1032.5,"24",0,9,5.20833333333333,5.5,2.48292781923993,3.5,7.5,"24",0,1080,940.208333333333,967.5,202.389059974155,946,1020,"24",0,9,5.125,5,2.53824906841967,3.5,7.5,"23",1,9,5.04347826086957,5,2.4402113392004,3,7,"23",895,1061,977.304347826087,976,48.9191300560858,939.5,1022,"23",1,9,5.17391304347826,5,2.38932724591897,3,7,"23",902,1059,977.260869565217,975,46.2048533036203,937,1012,"23",2,8,5.52173913043478,6,2.14414400103269,4,7.5,"23",913,1052,984.739130434783,984,45.432431809374,951.5,1026,"28",1,9,5.21428571428571,5,2.36578502309703,3.5,7,"28",892,1109,986.071428571429,981,53.0066899897878,949,1021.5
"06500",Mackenzie District,7138.66062422,7442.35415687,539389.275575,"4",937,1090,985.75,958,61.128450822837,943,1028.5,"4",3,9,5.25,4.5,2.27760839478607,3.5,7,"7",0,1038,699.571428571429,949,443.362108421179,472,983,"7",0,8,3.71428571428571,4,2.76272565797339,1.5,5.5,"6",2,6,4,4,1.4142135623731,3,5,"6",925,980,953.333333333333,952.5,21.6922925380319,934,976,"6",1,6,3.83333333333333,4,1.67497927018681,3,5,"6",911,989,949.666666666667,948.5,26.3670670007535,931,970,"5",2,5,3.8,4,1.16619037896906,3,5,"5",925,966,947,946,15.7860698085369,935,963,"4",2,4,3.25,3.5,0.82915619758885,2.5,4,"4",931,954,943,943.5,11.0227038425243,932,954
"06600",Waimate District,3554.46261312,3583.12424464,287832.479632,"3",967,1046,1000,987,33.5360502544153,977,1016.5,"3",5,8,6.33333333333333,6,1.24721912892465,5.5,7,"3",946,1043,988,975,40.6530031690977,960.5,1009,"3",4,8,5.66666666666667,5,1.69967317119759,4.5,6.5,"3",3,8,6,7,2.16024689946929,5,7.5,"3",938,1043,997,1010,43.8406204335659,974,1026.5,"3",3,9,5.33333333333333,4,2.62466929133727,3.5,6.5,"3",943,1055,984.333333333333,955,50.2084543567006,949,1005,"3",4,9,6.33333333333333,6,2.05480466765633,5,7.5,"3",946,1059,995,980,47.3356806929685,963,1019.5,"8",4,9,5.875,5,1.89983551919633,4.5,7.5,"8",950,1082,998,978,46.9441157121955,963,1035
"06800",Waitaki District,7107.87854273,7216.64956897,736526.419767,"19",0,1040,920.526315789474,971,220.314217813189,931.5,1002,"19",0,8,4.57894736842105,5,2.20801862772663,3,6.5,"19",0,1036,920.842105263158,956,220.57467124665,940,1015.5,"19",0,8,4.47368421052632,4,2.32533916151311,3,7,"19",2,8,4.73684210526316,5,1.91509530512213,3,6.5,"19",916,1027,965.368421052632,964,35.216937501444,936.5,997,"20",1,8,4.5,4.5,2.20227155455452,2.5,6,"20",894,1027,961.45,963.5,38.9069081269638,930,987.5,"19",2,8,4.94736842105263,5,1.84885979686845,4,6.5,"19",914,1039,971.368421052632,973,35.987147598049,945.5,1002,"15",2,9,5.53333333333333,6,1.99555060627944,4,7,"15",928,1066,990.866666666667,991,41.8757951831631,957.5,1009
"06900",Central Otago District,9933.42370136,9968.47387248,633375.303358,"9",941,1048,975,981,31.5171910761942,947,988,"9",3,8,4.77777777777778,5,1.61780219761789,3,6,"9",928,1008,973.111111111111,986,28.0651798673669,950,999,"9",2,7,4.88888888888889,6,1.59474445493415,4,6,"9",2,7,4.33333333333333,4,1.63299316185545,4,6,"9",918,1012,958.444444444444,955,28.5194324047895,944,982,"9",1,7,4.22222222222222,4,1.5475986974649,4,5,"9",908,1006,957.333333333333,956,25.6688310775713,946,972,"9",2,7,4.11111111111111,4,1.52347880008912,3,5,"9",913,998,953.333333333333,958,24.6936789032695,941,968,"11",1,5,2.72727272727273,3,1.28564869306645,1.5,3.5,"11",896,974,934.909090909091,937,22.8491278745623,921,948.5
"07000",Queenstown-Lakes District,8719.70668484,9375.1977179,603504.484868,"6",886,978,933.5,934,27.2503822603158,926,943,"6",1,5,2.66666666666667,2.5,1.24721912892465,2,3,"6",892,960,932.5,938.5,21.1876536375944,923,943,"6",1,4,2.66666666666667,3,0.942809041582063,2,3,"9",1,4,2.33333333333333,3,1.05409255338946,1,3,"9",887,946,921.777777777778,931,19.5378707914074,908,937,"10",1,3,2.1,2,0.7,2,3,"10",888,942,919.4,918.5,15.9449051423958,913,935,"18",1,6,2.05555555555556,1,1.47091136609708,1,3,"18",880,985,913.111111111111,905,30.2101691651612,887,936,"27",1,6,1.92592592592593,1,1.43825835844056,1,2.5,"27",862,992,911.518518518518,909,32.9020660956234,890,932
"07100",Dunedin City,3286.25780011,3350.40768962,437318.94318,"69",0,1136,971.507246376812,984,132.628567450651,929,1023,"69",0,10,5.11594202898551,5,2.78992094783886,2,7,"73",0,1166,955.643835616438,970,171.981790200679,928,1022,"73",0,10,4.89041095890411,5,2.83598038826428,2,7,"71",1,10,4.97183098591549,5,2.7371818085623,3,7,"71",882,1163,980.253521126761,977,66.7198723083393,928,1007,"71",1,10,4.76056338028169,5,2.82576071638499,2,7,"71",878,1189,974.957746478873,960,65.8873209328652,925.5,1007,"71",1,10,4.74647887323944,5,2.6575341205084,2,7,"71",898,1180,974.028169014084,964,60.5556365832249,926,1006.5,"66",1,10,5.3030303030303,5,2.84429091642602,3,8,"66",894,1200,992.712121212121,978,70.824744253197,938,1051
"07200",Clutha District,6334.41048256,6369.4127515,586016.302112,"13",918,1042,991.153846153846,1003,43.1737921818427,955,1034,"13",2,8,5.76923076923077,6,2.15384615384615,4,8,"13",934,1043,981.615384615385,973,34.1952278756474,953,1007,"13",3,8,5.30769230769231,5,1.63540704811302,4,7,"13",2,8,4.76923076923077,5,1.80400606147055,3,5,"13",910,1024,966.615384615385,971,36.2290543445206,931,974,"13",3,8,5.61538461538461,6,1.94297399081771,3,7,"13",929,1042,984.076923076923,984,40.8627374708238,938,1020,"13",2,8,5.38461538461539,6,1.82033224095373,4,7,"13",919,1032,979.153846153846,988,35.7810567712671,952,1008,"11",3,8,5.72727272727273,6,1.48268240275455,5,6.5,"11",944,1054,993.545454545455,992,35.1525600680639,970,1011
"07300",Southland District,29552.3552279,31084.3281631,2399431.92264,"31",0,1103,841.161290322581,937,326.893402451131,922.5,981.5,"31",0,10,3.7741935483871,3,2.57418546364645,2,5,"33",0,1219,854.848484848485,943,323.405564054394,919,1004,"33",0,10,4.06060606060606,3,2.83847370359915,2,7,"32",1,10,4.28125,4,2.91798705231877,1.5,7,"32",894,1142,964.09375,949.5,64.2881012391679,909.5,1003.5,"34",1,10,4.20588235294118,3,2.57567137752134,2,6,"34",886,1452,971.352941176471,936.5,97.3338349831442,924,981,"32",1,10,4.375,4,2.27417567483253,2.5,6,"32",911,1166,964.1875,950,53.7566492980171,928,988,"20",1,8,4.2,4,1.86010752377383,3,5.5,"20",903,1047,961.6,958,34.006469972639,937,983
"07400",Gore District,1253.8294568,1253.8294568,233800.374522,"9",909,1045,975.444444444444,973,49.4640410603975,919,1011,"9",2,8,5,5,2.35702260395516,2,7,"9",908,1030,969.444444444444,973,43.3848696388527,922,1007,"9",1,8,4.66666666666667,5,2.40370085030933,2,7,"9",1,8,4.33333333333333,5,2.40370085030933,2,6,"9",897,1035,960.333333333333,968,43.5328739128387,919,992,"9",1,8,4.66666666666667,5,2.53859103528797,2,7,"9",909,1051,969.888888888889,967,48.6859424028571,915,1014,"9",1,9,5,5,2.66666666666667,2,7,"9",910,1065,974.666666666667,970,50.3587132480567,918,1007,"9",3,9,6,6,2.21108319357027,4,8,"9",934,1089,1003.66666666667,1000,53.3354166259782,952,1042
"07500",Invercargill City,389.87567051,495.32471231,128166.489115,"29",0,1313,901.103448275862,980,320.662067778912,903,1058,"29",0,10,4.89655172413793,5,3.48736465648842,1,9,"31",0,1252,870.935483870968,968,344.698178915042,918,1040,"31",0,10,4.83870967741935,5,3.36103645874351,1.5,8,"27",1,10,5.55555555555556,6,3.0711722135745,3,8.5,"27",873,1234,999.333333333333,979,87.8521485223896,938,1057,"27",1,10,5.48148148148148,6,3.20150856073693,2.5,9,"27",886,1192,996.222222222222,977,81.694704181838,928.5,1063.5,"27",1,10,5.62962962962963,6,3.10493213557551,3,9,"27",880,1177,994.37037037037,976,78.5894857486241,935.5,1059.5,"27",1,10,6.2962962962963,7,3.02844312544587,3.5,9,"27",878,1184,1017.11111111111,1008,79.8982377469098,946.5,1078
"07601",Rodney Local Board Area,2275.08452274,5809.41177505,450362.941261,"17",0,1062,793.235294117647,922,370.300121429626,900,991,"17",0,9,3.52941176470588,2,2.89253902426923,1,6,"18",0,1056,802.611111111111,935.5,361.917906420302,899,983,"18",0,9,3.66666666666667,3,2.90593262902712,1,6,"15",1,8,4.06666666666667,4,2.35135894513979,2,5.5,"15",900,1041,957.2,955,45.1548447013164,915,982,"15",1,8,4,4,2.39443799947573,1.5,6,"15",886,1040,952.533333333333,946,46.1473967003798,915,986,"35",1,9,3.94285714285714,3,2.16389671185846,2,6,"35",898,1097,954.228571428571,939,44.907578561362,922.5,978,"34",1,8,3.26470588235294,3,1.88350148783357,2,4,"34",898,1053,945.058823529412,940,38.6355072717485,918,961
"07602",Hibiscus and Bays Local Board Area,110.07803634,454.62540831,93898.8172193,"12",879,975,916.833333333333,915,24.2653158964716,899,930.5,"12",1,5,2.08333333333333,2,1.11492401335497,1,2.5,"15",883,1007,930.333333333333,916,37.5884142906945,901.5,944,"15",1,7,2.66666666666667,2,2.02210011841375,1,3.5,"16",1,7,2.875,2,1.8328597873269,1.5,4,"16",881,1002,931.25,924,34.1586372679005,906.5,954,"22",1,8,3.36363636363636,3,1.98964260256721,2,5,"22",888,1049,941.909090909091,937,36.0352215212096,917,961,"28",1,6,2.78571428571429,2.5,1.61150202466835,1,4,"28",887,997,931.928571428571,928,28.8863889987612,908,953.5,"37",1,8,2.86486486486486,3,1.545038478698,2,4,"37",886,1033,936.189189189189,933,29.3348218848907,917,949
"07603",Upper Harbour Local Board Area,69.73078639,82.75191375,49156.1131006,"5",884,950,915.4,919,23.1049778186433,897,927,"5",1,4,2,2,1.09544511501033,1,2,"5",888,927,909.2,913,13.7317151150175,900,918,"5",1,2,1.6,2,0.489897948556636,1,2,"7",1,3,1.71428571428571,2,0.699854212223765,1,2,"7",888,937,916.285714285714,922,14.9734458837187,908,925.5,"13",1,5,2.92307692307692,3,1.20649131856601,2,4,"13",899,965,933.230769230769,934,19.2039813426353,918,947,"15",1,5,2.66666666666667,3,1.29957257930786,1.5,4,"15",895,961,930.733333333333,932,20.6735472417182,913.5,948.5,"22",1,7,3.31818181818182,3.5,1.57786863251907,2,4,"22",891,1015,944.772727272727,949.5,28.8017231463388,924,958
"07606",Henderson-Massey Local Board Area,53.21998806,64.60837336,47587.4592273,"18",934,1046,996.055555555556,994.5,31.8284851844351,980,1025,"18",3,8,5.88888888888889,6,1.59474445493415,5,7,"18",942,1037,994.166666666667,992,27.6952663424235,981,1014,"18",3,8,6.05555555555556,6,1.47091136609708,6,7,"20",4,9,6.95,7,1.11691539518443,6.5,8,"20",945,1058,1012.9,1013.5,27.5352501350542,1000,1033,"27",2,10,7.22222222222222,7,1.61780219761789,7,8,"27",928,1114,1021.77777777778,1018,40.8505254813052,1003.5,1046,"29",3,10,7.3448275862069,7,1.66662703084063,6,9,"29",940,1124,1026.93103448276,1021,44.8298938398081,994,1066,"37",3,10,7.27027027027027,8,1.76526008570897,7,8,"37",943,1118,1035.13513513514,1038,47.9493889497814,1007,1060
"07607",Waitakere Ranges Local Board Area,305.73250226,943.00489184,148724.962888,"14",0,1008,886.642857142857,934,248.632145704354,914,1002,"14",0,7,3.71428571428571,3,2.15235988190277,2,6,"14",0,1003,870.571428571429,920.5,243.980301981742,902,956,"14",0,6,2.71428571428571,2,1.97948663722157,1,4,"13",1,8,3.53846153846154,3,2.30769230769231,2,4,"13",895,1023,947.076923076923,935,43.6955578422788,919,955,"13",1,8,3.07692307692308,2,2.4325212770526,1,3,"13",893,1029,940.692307692308,925,46.1625632793578,911,939,"20",1,9,4.1,3,2.64386081328046,2,7,"20",893,1101,960.45,932,56.83966484771,919.5,1012.5,"21",1,9,4.04761904761905,3,2.49716392421465,2,7,"21",903,1068,961.190476190476,935,51.2915281667256,926,1010
"07608",Great Barrier Local Board Area,320.4141008,4485.55019404,285021.355854,"8",0,0,0,0,0,0,0,"8",0,0,0,0,0,0,0,"8",0,0,0,0,0,0,0,"8",0,0,0,0,0,0,0,"0",,,,,,,,"0",,,,,,,,"1",10,10,10,10,0,10,10,"1",1134,1134,1134,1134,0,1134,1134,"1",9,9,9,9,0,9,9,"1",1084,1084,1084,1084,0,1084,1084,"1",9,9,9,9,0,9,9,"1",1101,1101,1101,1101,0,1101,1101
"07614",Orakei Local Board Area,32.34731562,50.37015267,37416.432878,"19",0,1061,883.368421052632,916,214.241430591091,890.5,943,"19",0,9,2.73684210526316,2,2.46751750941706,1,3.5,"19",0,1018,874.947368421053,909,209.465604181641,893.5,942.5,"19",0,7,2.21052631578947,1,1.85185390376412,1,3,"18",1,6,2.22222222222222,2,1.47405546238018,1,3,"18",881,996,919.444444444444,914.5,30.7249848064735,895,938,"18",1,6,2.22222222222222,2,1.47405546238018,1,3,"18",890,996,920.944444444444,918.5,28.0643550556815,898,937,"20",1,6,2.3,2,1.64620776331543,1,3,"20",884,982,919.2,915,28.6069921522693,898,934,"27",1,8,2.62962962962963,2,1.94647160644014,1,3,"27",888,1061,931.888888888889,926,40.9655079244256,899.5,939.5
"00100",Far North District,6679.71967587,7318.12186546,874966.232576,"34",0,1182,957.941176470588,1081,354.055075574115,1021,1122,"34",0,10,7.67647058823529,9,3.13162791940638,7,10,"36",0,1353,982.638888888889,1091.5,358.094893753177,1009.5,1150.5,"36",0,10,7.69444444444444,9,3.2302342918505,7,10,"32",3,10,8.84375,9,1.62229341905218,8.5,10,"32",939,1247,1105.75,1100.5,78.191271891433,1059.5,1165.5,"34",4,10,8.08823529411765,9,1.9758489918904,7,10,"34",948,1202,1072.91176470588,1073,80.9060339664473,1010,1153,"33",5,10,8.48484848484848,9,1.72541101157415,8,10,"33",963,1237,1093.18181818182,1081,85.4167872739859,1026,1174,"47",4,10,8.31914893617021,9,2.00113141379191,7,10,"47",948,1302,1102.76595744681,1103,97.6038917880245,1026,1182
"00200",Whangarei District,2712.13052007,2854.33053985,582932.991882,"36",0,1287,992.638888888889,1012,184.866040505277,954.5,1060.5,"36",0,10,6.27777777777778,7,2.69372842720015,4,8.5,"38",0,1363,966.236842105263,1010.5,243.604018008792,950,1053,"38",0,10,6.05263157894737,7,3.07748503285131,4,8,"37",2,10,6.78378378378378,7,2.41767293895122,5,9,"37",918,1318,1028.91891891892,1015,82.0706282445363,967,1060,"43",2,10,6.27906976744186,7,2.55475463160176,4,8.5,"43",914,1339,1014.37209302326,1005,82.396382641251,950,1054.5,"41",1,10,6.70731707317073,7,2.61556226701551,4,9,"41",899,1338,1031.21951219512,1004,92.0242577232663,959,1073,"41",1,10,6.58536585365854,6,2.72276410626154,5,9,"41",910,1389,1037.14634146341,1001,96.1141498619651,978,1087
"00300",Kaipara District,3108.71095315,3114.57984989,902974.494161,"9",0,1055,904.777777777778,1010,320.726875074512,1004,1022,"9",0,8,6.11111111111111,7,2.330686329267,6,7,"9",0,1088,914.111111111111,1021,325.182493872268,1000,1042,"9",0,9,6.44444444444444,7,2.71256791460749,6,8,"10",4,9,7.3,7,1.48660687473185,7,9,"10",957,1099,1023,1012,41.8521206153284,1003,1061,"10",5,9,7.1,7,1.51327459504216,6,9,"10",968,1108,1026.5,1010.5,46.7979700414452,993,1071,"10",6,10,7.8,7,1.46969384566991,7,9,"10",984,1197,1048.3,1020.5,66.5372827819111,999,1088,"10",4,9,7.1,7,1.64012194668567,6,9,"10",955,1100,1027.5,1018.5,43.9072886887815,1002,1071
"01100",Thames-Coromandel District,2207.07916793,2298.78256516,587283.682295,"12",0,1047,843.916666666667,1014,378.884867810204,951,1041.5,"12",0,8,5.41666666666667,6.5,2.92854723180093,3.5,8,"12",0,1059,848.333333333333,1010.5,380.663747799668,967.5,1040,"12",0,9,6,7,3.02765035409749,5,8,"10",5,9,7,7,1.09544511501033,6,8,"10",969,1061,1014.9,1015.5,24.8533699928199,996,1034,"10",4,8,6.5,7,1.02469507659596,6,7,"10",952,1036,1003.6,1008,22.9181151057411,991,1021,"10",2,9,7.1,8,1.9723082923316,6,8,"10",923,1078,1016.5,1026,41.3986714762684,997,1045,"19",2,10,5.84210526315789,6,2.27719027924041,4,7.5,"19",921,1125,999.315789473684,991,52.53876025983,960.5,1031
"01200",Hauraki District,1270.08706798,1270.08706798,311223.430113,"7",946,1102,1008.57142857143,1008,52.9200397982173,963.5,1038.5,"7",3,10,6.42857142857143,7,2.38190457150472,4.5,8,"7",949,1108,1023.57142857143,1004,55.9256065625377,981,1071,"7",4,10,7.14285714285714,7,2.0995626366713,5.5,9,"7",4,9,6.85714285714286,7,2.0995626366713,5,9,"7",949,1105,1024,1019,58.2310668188137,972,1075.5,"7",4,10,7,6,2.1380899352994,5.5,9,"7",953,1111,1025.42857142857,995,58.0759530832737,980,1079.5,"8",6,10,7.875,7.5,1.53602571593056,6.5,9.5,"8",978,1118,1044.875,1030,52.3102224713296,998.5,1103,"11",6,9,7.63636363636364,7,1.29844153246234,6.5,9,"11",991,1104,1043.81818181818,1025,42.6034957631374,1007.5,1084
"01300",Waikato District,4403.28284677,4516.06251767,491881.373163,"28",0,1255,936.392857142857,981.5,271.135224471074,941.5,1052.5,"28",0,10,5.32142857142857,5,2.90385914933622,3,8.5,"28",0,1311,945.357142857143,979.5,277.413463249058,946,1065,"28",0,10,5.64285714285714,5.5,3.06144557024812,3.5,9,"25",2,10,5.56,5,2.78682615173606,3,8,"25",918,1285,1008.2,974,96.4941449000923,941,1056,"25",1,10,5.36,5,2.93775424431657,3,9,"25",904,1243,1000.08,959,95.3183801792708,936,1065,"30",1,10,5.23333333333333,5,2.72865453210104,3,7,"30",899,1278,996.533333333333,967,93.3301428026099,942,1016,"37",1,10,5.24324324324324,5,2.90763585033099,3,7,"37",884,1276,994.540540540541,973,82.2263174134868,941,1020
"01500",Matamata-Piako District,1755.4070187,1755.4070187,244710.430082,"7",935,1162,993,957,73.1905536449694,947.5,1001,"7",3,10,5.14285714285714,4,2.29462548631557,3.5,6,"7",935,1190,1001,965,83.2019917344016,944,1014.5,"7",3,10,5.71428571428571,5,2.49079939630896,3.5,7.5,"11",3,10,5.36363636363636,4,2.49627822140836,3,8,"11",931,1252,997.727272727273,955,91.3047752500989,939,1031.5,"13",2,10,5.84615384615385,5,2.10662522117372,4,7,"13",927,1299,1005,967,91.5868650307119,957,1010,"13",3,10,6.61538461538461,6,1.98216903488079,5,8,"13",942,1216,1013.53846153846,981,70.4028139566719,965,1037,"17",4,9,6.52941176470588,7,1.33362165279466,6,7,"17",957,1075,1005.58823529412,1007,33.8509862981332,985,1023
"01600",Hamilton City,110.37282328,110.93642002,70459.9422435,"34",880,1174,996.029411764706,980.5,71.3831769990487,935,1053,"34",1,10,5.41176470588235,5,2.85036269166723,3,8,"34",904,1207,1003.61764705882,994,70.0096693766538,944,1066,"34",1,10,5.85294117647059,6,2.87107638086748,3,9,"41",1,10,5.78048780487805,6,2.95917090499573,3,9,"41",871,1232,999.609756097561,993,80.9940913378737,939,1059,"44",1,10,6.06818181818182,7,2.75018782228619,3.5,8,"44",864,1211,1006.13636363636,1001,72.4617739065637,943,1047.5,"46",1,10,6.52173913043478,7,2.59379804143907,5,9,"46",891,1223,1016.10869565217,1008,71.4861580584021,966,1058,"62",1,10,6.64516129032258,7,2.7125560746013,5,9,"62",889,1251,1030.82258064516,1022.5,81.7574154067105,965,1098
"01700",Waipa District,1470.07460927,1470.07460927,248014.718843,"27",903,1098,964.555555555556,956,51.1072462306858,925.5,991.5,"27",1,9,4.11111111111111,4,2.34652356466032,2,5.5,"27",898,1070,957.037037037037,941,46.2861322176016,918.5,984,"27",1,9,3.92592592592593,3,2.29211088100234,2,5.5,"27",1,9,3.77777777777778,3,2.43938871112224,2,5.5,"27",895,1094,952.37037037037,933,49.9341404386248,914,981.5,"27",1,9,4.14814814814815,4,2.38364339403023,2,6.5,"27",889,1084,957.814814814815,947,48.5234094226977,922,991,"29",1,10,4.20689655172414,3,2.4966088772273,2,5,"29",886,1115,960.51724137931,941,53.1371814040077,924,975,"37",1,10,4.24324324324324,4,2.48678024116723,2,6,"37",887,1160,967.027027027027,958,57.1458477773185,929,990
"01800",Otorohanga District,1999.17231632,2064.36627015,332669.221187,"5",0,1110,631.4,997,516.774457573127,0,1050,"5",0,10,4.8,6,4.1182520563948,0,8,"7",0,1148,732,961,466.974762242488,476,1031.5,"7",0,10,4.85714285714286,4,3.71977616179758,2,8,"5",3,10,6.4,6,2.72763633939717,4,9,"5",935,1190,1026,991,95.2008403324256,943,1071,"5",4,10,6.8,6,2.31516738055805,5,9,"5",950,1139,1020.6,986,69.2606670484771,971,1057,"5",5,10,7.2,6,1.93907194296653,6,9,"5",960,1149,1034,996,72.8477865140733,976,1089,"6",6,10,7.16666666666667,6,1.67497927018682,6,9,"6",986,1153,1028.33333333333,991,62.1119061765849,986,1063
"01900",South Waikato District,1818.90223242,1818.90223242,240498.060593,"16",917,1133,1012.5625,1013,64.0741452830235,954,1064,"16",2,10,6.3125,7,2.542605700851,4,8.5,"16",908,1180,1030.8125,1003.5,81.4318877574995,962.5,1101,"16",1,10,6.75,6.5,2.81735691739616,4.5,9.5,"16",2,10,6.6875,7,2.63909904133968,4.5,9,"16",911,1188,1025.875,1004.5,84.67280776613,954.5,1085.5,"16",2,10,6.875,7.5,2.54644359843292,4,9,"16",914,1201,1035.6875,1028,87.5219392138337,949.5,1094,"16",4,10,7.4375,8,2.17855313224167,5,9.5,"16",955,1217,1052.8125,1034,89.3967412367475,964,1114.5,"11",5,10,8.45454545454546,9,1.77680184415382,7.5,10,"11",981,1190,1089.90909090909,1093,75.2129758455095,1031.5,1156
"02000",Waitomo District,3534.79913287,3548.18674441,389291.594123,"9",0,1101,914.222222222222,1017,325.861176228221,976,1045,"9",0,10,6.44444444444444,7,2.79329001999479,5,8,"9",0,1094,919.888888888889,1039,328.129528775331,965,1062,"9",0,9,6.66666666666667,8,2.78886675511359,5,9,"8",4,10,7,7.5,2.06155281280883,5,8.5,"8",947,1120,1024.5,1025,56.3781872713197,974,1065.5,"8",5,10,7.625,8,1.93245310421754,5.5,9.5,"8",965,1139,1041.375,1035.5,61.3778003434467,979.5,1098.5,"8",6,10,7.625,7.5,1.31695671910659,6.5,8.5,"8",981,1114,1029.75,1025,43.0428565501873,992,1054.5,"7",7,10,8.57142857142857,8,1.29362644830535,7.5,10,"7",1010,1176,1081.71428571429,1039,66.8553113302244,1029,1144.5
"02100",Taupo District,6333.58638826,6964.02403329,491924.692481,"21",0,1191,922.619047619048,1005,306.7979754373,940,1057,"21",0,10,5.80952380952381,6,3.24578917865752,3,9,"21",0,1299,936.285714285714,996,316.032268222445,955,1071,"21",0,10,6.09523809523809,6,3.3080675110397,4,9,"22",1,10,6.36363636363636,7,3.08287726505694,4,9,"22",897,1235,1019.22727272727,1003.5,90.3925438488766,949,1066,"23",2,10,6,6,2.78192926487763,4,8.5,"23",914,1262,1010.39130434783,986,83.8366626920595,952,1055,"30",1,10,6.16666666666667,6,2.70903836977052,4,9,"30",898,1211,1008.36666666667,982.5,79.2802973982537,949,1067,"21",1,10,5.95238095238095,7,2.81959454154047,4,9,"21",898,1117,1004.7619047619,1011,65.2014495616724,953,1063
"02200",Western Bay of Plenty District,1951.03028676,2117.44334955,331495.539052,"17",0,1104,885.235294117647,961,326.765706569125,952,1029,"17",0,10,5.35294117647059,4,2.94940026746392,4,8,"21",0,1113,904.142857142857,982,296.949777012927,947,1033,"21",0,10,5.52380952380952,6,2.64789309989673,4,8,"19",2,10,5.73684210526316,6,2.26743781353032,4,8,"19",923,1147,993.631578947368,995,55.0236413556322,949.5,1032.5,"21",1,10,5.52380952380952,6,2.48076500526307,3,8,"21",911,1125,987.52380952381,977,55.8796487765652,943,1025,"19",3,10,6.42105263157895,6,2.08543292170094,5,8.5,"19",933,1115,1005.89473684211,991,53.7067032343186,966,1049,"23",2,9,5,4,2.37743010686823,3,7,"23",920,1091,982.95652173913,961,51.3982559853589,942.5,1021.5
"02300",Tauranga City,135.11640459,174.96205704,95845.6397727,"20",919,1120,1017.4,1014,50.632400693627,998.5,1048.5,"20",2,10,6.7,7,2.07605394920267,6,8,"26",0,1151,930.538461538462,995,274.898195249586,955,1023,"26",0,10,5.73076923076923,6,2.76736047953075,4,7,"26",1,10,6.76923076923077,7,2.35841687950091,5,9,"26",898,1148,1020.46153846154,1010.5,64.1891620190672,971,1072,"37",1,10,6.27027027027027,6,2.20133434532943,5,8,"37",899,1165,1005.08108108108,991,57.31769142405,971,1040,"35",2,10,6.57142857142857,7,2.1946130708196,5,8,"35",922,1180,1011.51428571429,1006,60.0682333106379,969.5,1045.5,"50",1,10,5.36,5.5,2.55154854941073,3,7,"50",894,1144,989.16,984.5,56.6358049293907,945,1024
"02400",Rotorua District,2408.999006,2618.94651567,278743.543791,"34",904,1312,1047.64705882353,1054.5,87.0286911287581,981,1101,"34",1,10,7.17647058823529,8,2.78092862437007,5,10,"38",891,1326,1039.94736842105,1035.5,102.481820562022,958,1116,"38",1,10,6.73684210526316,8,3.10927483952462,4,10,"39",1,10,6.79487179487179,8,2.84811667129474,5,9,"39",890,1322,1034.51282051282,1033,90.9547286079579,965.5,1096.5,"39",1,10,7.1025641025641,8,2.79922032913079,6,10,"39",899,1319,1040.05128205128,1032,91.0437901733313,976.5,1113.5,"39",1,10,7.41025641025641,8,2.57918640240607,5.5,9.5,"39",906,1356,1056.12820512821,1047,99.4222230451521,980.5,1109,"41",2,10,7.34146341463415,8,2.55294909426918,6,10,"41",916,1251,1054.36585365854,1041,84.7857431922461,990,1119
"02500",Whakatane District,4450.01874971,4464.72834137,396071.146636,"18",951,1163,1056.77777777778,1058,64.1695285557073,1012,1108,"18",4,10,7.88888888888889,8.5,2.07869854820775,7,10,"20",0,1261,1028.2,1059.5,253.06769845241,987.5,1157,"20",0,10,7.65,9,2.79776696670756,5.5,10,"19",3,10,8.05263157894737,9,2.48095236829319,7.5,10,"19",935,1276,1087.21052631579,1091,96.8186470444225,1030,1147.5,"19",1,10,8.21052631578947,9,2.54597613104165,8,10,"19",913,1263,1083.42105263158,1082,93.089269995879,1027.5,1142,"19",2,10,8,9,2.51312344975017,7.5,10,"19",918,1278,1070.05263157895,1068,85.6415256410547,1029.5,1125,"17",2,10,7.58823529411765,9,2.65814671239882,5,10,"17",914,1327,1073.35294117647,1063,109.036389595655,982,1134
"07604",Kaipatiki Local Board Area,34.066321,49.17185023,28731.9591057,"19",872,1034,949.578947368421,951,36.1172298720266,925.5,958,"19",1,8,3.63157894736842,4,1.72323216249946,2,4,"19",905,1035,955,953,33.9457771964892,930,962.5,"19",1,8,4,4,1.806421294919,2.5,4.5,"19",2,8,4.78947368421053,5,1.70383305855144,3.5,6,"19",913,1044,966,967,32.5786497733198,945,979.5,"19",2,8,4.94736842105263,5,1.73125096877879,4,6,"19",913,1053,966.842105263158,970,33.4133020436862,948,977.5,"19",1,8,4.31578947368421,5,1.65601397079498,3.5,5,"19",910,1052,957.736842105263,961,30.9070629047168,939,968,"28",1,10,4.53571428571429,4.5,2.07849778956449,3,6,"28",900,1131,969.928571428571,965.5,46.1510939132298,942,985.5
"02600",Kawerau District,23.63192487,23.63192487,25155.3128829,"1",1054,1054,1054,1054,0,1054,1054,"1",8,8,8,8,0,8,8,"1",1116,1116,1116,1116,0,1116,1116,"1",10,10,10,10,0,10,10,"1",10,10,10,10,0,10,10,"1",1136,1136,1136,1136,0,1136,1136,"1",10,10,10,10,0,10,10,"1",1151,1151,1151,1151,0,1151,1151,"1",10,10,10,10,0,10,10,"1",1185,1185,1185,1185,0,1185,1185,"2",9,10,9.5,9.5,0.5,9,10,"2",1109,1239,1174,1174,65,1109,1239
"02700",Opotiki District,3089.21892009,3100.0675401,453900.605014,"4",1100,1183,1148.75,1156,32.797675222491,1119,1178.5,"4",10,10,10,10,0,10,10,"6",0,1282,982.5,1172.5,445.47455969262,1043,1225,"6",0,10,8,10,3.65148371670111,8,10,"5",7,10,9.4,10,1.2,10,10,"5",1019,1274,1185,1193,89.7797304518119,1185,1254,"5",8,10,9.6,10,0.8,10,10,"5",1037,1286,1178.4,1182,85.5022806713365,1146,1241,"5",8,10,9.6,10,0.8,10,10,"5",1036,1165,1124.4,1149,47.5503943201316,1114,1158,"6",7,10,9,9.5,1.15470053837925,8,10,"6",1019,1270,1146.83333333333,1146,103.168820656027,1039,1261
"02800",Gisborne District,8385.82661859,8385.82661859,689276.719349,"21",918,1199,1055.09523809524,1043,88.2911335471379,987,1150,"21",2,10,7.33333333333333,8,2.64274989057364,6,10,"21",908,1228,1062.04761904762,1045,100.291706057155,980,1160,"21",1,10,7.42857142857143,8,2.92072118575155,6,10,"23",1,10,7.39130434782609,9,2.85503567989252,5.5,10,"23",905,1235,1067.82608695652,1061,106.469286109601,981.5,1178,"23",2,10,7.52173913043478,9,2.71660858292405,5,10,"23",916,1261,1072.60869565217,1069,107.152365767644,970,1175,"23",2,10,7.56521739130435,9,2.71591264117242,6,10,"23",914,1250,1076.47826086957,1064,107.811780257042,980,1181.5,"27",2,10,7.77777777777778,9,2.58676593929396,6.5,10,"27",916,1265,1088.11111111111,1099,106.42832167389,1004,1195
"02900",Wairoa District,4076.87644941,4130.13989497,462367.899983,"8",1014,1089,1069.25,1077.5,23.1934796871879,1061.5,1086.5,"8",7,9,8.75,9,0.661437827766148,9,9,"8",1029,1146,1092.25,1089,37.5890609087272,1066.5,1126,"8",8,10,9.25,9,0.661437827766148,9,10,"9",7,10,8.77777777777778,9,1.03040205505508,9,9,"9",1016,1219,1089.55555555556,1087,58.6308813417774,1060,1107,"9",6,10,8.55555555555556,9,1.34256066373273,8,10,"9",983,1191,1077.66666666667,1073,61.4636297152859,1039,1118,"9",7,10,8.77777777777778,9,1.13311544746506,8,10,"9",1002,1166,1079.11111111111,1063,56.0445149351922,1036,1122,"5",8,10,9.4,10,0.8,9,10,"5",1043,1210,1125.6,1123,53.7869872738751,1110,1142
"03000",Hastings District,5226.76878508,5226.76878508,549660.993127,"36",905,1222,1010.36111111111,998.5,72.1237951094343,960.5,1052,"36",1,10,6,6,2.52762514801718,4.5,8,"36",911,1231,1006.80555555556,976.5,72.9550163702281,956.5,1057,"36",1,10,6.02777777777778,5,2.53296171738311,4.5,9,"36",2,10,6.08333333333333,5.5,2.54269105039873,4,9,"36",912,1233,1008.88888888889,978,79.1309666094331,953,1061.5,"41",1,10,5.26829268292683,5,2.89679714002107,2,8,"41",883,1244,991.243902439024,965,81.8126296195079,928,1044,"41",1,10,5.41463414634146,5,2.85397121488977,3,8,"41",870,1258,997.682926829268,962,88.3282235435565,937,1049,"43",1,10,5.93023255813953,6,2.99142455631916,4,8.5,"43",873,1257,1016.20930232558,997,94.0243803463402,952,1065
"03100",Napier City,104.90283595,105.79187129,71564.982817,"21",891,1230,1010.71428571429,988,75.418289342486,963,1070,"21",1,10,6.14285714285714,6,2.4935290403021,4,9,"21",911,1206,1008.33333333333,989,66.8597204766983,968,1040,"21",1,10,6.19047619047619,6,2.36278785334386,5,8,"21",1,10,6.38095238095238,7,2.35990698921217,5,8,"21",903,1226,1012.66666666667,1005,72.136994889904,961,1055,"21",1,10,6.09523809523809,7,2.34834819160723,4,8,"21",903,1252,1005.80952380952,998,75.9433492166986,957,1028,"21",1,10,6.47619047619048,7,2.49988661874413,4,8,"21",895,1248,1015.90476190476,1016,76.1526691911932,959,1032,"31",1,10,5.80645161290323,6,2.84456873355466,4,8,"31",891,1259,1005.74193548387,995,82.56413645471,954,1036
"03200",Central Hawke's Bay District,3333.04681053,3333.04681053,345697.277995,"7",960,1090,1018.85714285714,1020,43.9103911276089,985.5,1045.5,"7",4,9,6.71428571428571,7,1.82946406783796,5.5,8,"7",954,1071,1017.14285714286,1035,39.4259833519128,991,1039,"7",4,9,7,8,1.69030850945703,6,8,"7",3,9,6.57142857142857,7,2.12852348939305,5.5,8,"7",929,1105,1014.71428571429,1017,59.2590301393908,976.5,1049.5,"7",3,9,6.85714285714286,8,2.16653584115759,6,8,"7",933,1080,1018.42857142857,1037,51.2886986795814,989.5,1050,"7",4,9,7.14285714285714,8,1.72614942479922,6.5,8,"7",946,1057,1016.14285714286,1034,40.9614054286944,995,1043,"7",5,8,6.14285714285714,6,1.12485826771597,5,7,"7",968,1058,1001.85714285714,994,31.3433910619975,973.5,1023
"03300",New Plymouth District,2205.52483813,2205.52483813,376132.525195,"36",884,1136,982.888888888889,983.5,62.6550422630745,934.5,1007,"36",1,10,5.13888888888889,5.5,2.65782678327173,3,7,"36",882,1130,981.972222222222,981,59.6734102851658,933,1009,"36",1,10,5.16666666666667,5.5,2.70287912337114,3,7,"36",1,10,5.41666666666667,6,2.62863504926458,3,7,"36",892,1142,987.583333333333,985,61.4506916153106,934,1017.5,"36",1,10,5.13888888888889,6,2.59436116925597,3,7,"36",897,1140,979.083333333333,982,58.4457844692175,933,1007,"36",1,10,4.94444444444444,5.5,2.71768329080778,2,7,"36",896,1131,976.027777777778,976.5,58.6413231770107,925,1008,"35",1,10,5.28571428571429,5,2.53626754527682,4,7,"35",907,1163,989.2,980,63.0862448217857,952.5,1019
"03400",Stratford District,2163.41880258,2163.41880258,410550.70836,"7",940,1062,1004.42857142857,1035,50.9477523487323,949.5,1047.5,"7",3,9,6.14285714285714,8,2.47435829652697,3.5,8,"7",940,1034,989.428571428571,1008,38.243046586862,950,1022,"7",3,8,5.85714285714286,7,1.95875845725744,4,7.5,"7",2,8,5.42857142857143,7,2.44114392723358,3,7.5,"7",918,1037,981.285714285714,1006,46.6344884200961,934.5,1019.5,"7",3,9,5.71428571428571,7,2.43276948084663,3,7.5,"7",928,1079,994,1014,55.4075807087803,937,1031.5,"7",4,8,6,6,1.8516401995451,4,8,"7",943,1035,990,993,37.8983603113079,952,1027.5,"7",5,9,7.14285714285714,7,1.55182578445717,6,8.5,"7",974,1093,1028,1020,42.8419020519464,996,1058.5
"03500",South Taranaki District,3575.13675446,3575.13675446,374571.403258,"20",929,1173,1018.6,1011.5,59.244746602547,965,1061.5,"20",2,10,6.65,6.5,2.26439837484485,4.5,9,"22",891,1193,1006.90909090909,981.5,72.0926859806238,956,1044,"22",1,10,6.13636363636364,6,2.52794301117897,4,8,"22",1,10,5.86363636363636,6,2.47341233825687,4,8,"22",888,1206,1000.31818181818,993.5,71.2029023691108,953,1035,"22",1,10,6.72727272727273,7,2.43425960709016,5,9,"22",903,1200,1020.95454545455,1007,73.3109673506243,969,1083,"22",2,10,6.54545454545455,6,2.16852008034119,5,9,"22",917,1171,1012.81818181818,995,61.1649308045924,973,1063,"18",4,10,7.38888888888889,8,1.7364999564542,6,9,"18",959,1209,1045.77777777778,1043.5,60.9130122529529,998,1087
"03600",Ruapehu District,6734.40495987,6734.40495987,646031.180453,"14",938,1153,1050.57142857143,1063,50.1977721271633,1018,1079,"14",3,10,7.85714285714286,8.5,1.72614942479922,7,9,"14",970,1185,1062.35714285714,1046,61.6587465037051,1015,1102,"14",5,10,8.14285714285714,8.5,1.50509339326468,7,9,"14",5,10,7.92857142857143,8,1.86946461832891,6,10,"14",967,1163,1056.64285714286,1042,67.3706243136292,998,1118,"14",5,10,7.92857142857143,8,1.70981560051226,6,10,"14",970,1151,1052.14285714286,1030,64.3226877801706,989,1125,"14",5,10,8.28571428571429,8,1.57790871674104,7,10,"14",974,1184,1069.07142857143,1040.5,69.0542894971716,1013,1139,"10",6,10,8.2,8,1.46969384566991,7,10,"10",997,1242,1077.8,1041,76.7864571392638,1017,1129
"03700",Whanganui District,2373.25762878,2373.25762878,426925.750034,"29",886,1306,1036.62068965517,1026,103.352898560726,965,1105,"29",1,10,6.6551724137931,7,3.1214039952092,5,10,"29",897,1377,1043.03448275862,1036,107.833358909467,960,1110,"29",1,10,6.72413793103448,8,3.18289124392119,4,10,"29",1,10,6.82758620689655,8,3.09692801645761,5,10,"29",901,1283,1043.06896551724,1041,100.179470343181,968,1123,"29",1,10,6.96551724137931,8,3.03409088378744,4,10,"29",910,1303,1047.27586206897,1048,102.722557893186,955,1124,"29",1,10,7.51724137931035,8,2.63426610410818,6,10,"29",898,1232,1057.06896551724,1046,90.4200660650373,987,1139,"28",1,10,7.35714285714286,9,2.76733866111579,5,10,"28",911,1228,1057.39285714286,1066,91.786374372279,976,1136.5
"03800",Rangitikei District,4483.7443792,4483.7443792,620789.129236,"11",954,1150,1018.81818181818,1029,59.4777547137173,966.5,1046.5,"11",4,10,6.72727272727273,8,2.21937374831522,4.5,8.5,"11",925,1186,1016.09090909091,1019,71.4873854675896,958,1049,"11",2,10,6.45454545454545,7,2.34960872424002,4.5,8,"11",3,10,6.45454545454545,7,2.42575710256842,4,8,"11",932,1166,1013.54545454545,1019,67.6614078755569,950,1054,"11",1,10,6.18181818181818,7,2.82257721750182,4,8,"11",909,1144,1008.63636363636,1019,67.6290318606826,954.5,1050,"11",1,9,6.36363636363636,7,2.38452309974618,5,8.5,"11",911,1091,1005.81818181818,1003,53.3169224062683,965.5,1051,"9",5,9,7,7,1.33333333333333,6,8,"9",967,1091,1021.55555555556,1027,38.4826399854131,987,1044
"03900",Manawatu District,2566.73666743,2566.73666743,317442.512544,"18",887,1154,979.277777777778,958,65.6072536263717,938,1014,"18",1,10,4.94444444444444,4,2.63464571141764,3,7,"18",904,1114,981.444444444444,969.5,57.7063661250475,940,1031,"18",1,10,5.16666666666667,5,2.54405625374562,3,8,"18",1,10,4.88888888888889,5,2.70573236930798,2,7,"18",899,1114,975.833333333333,977,61.4059805266917,915,1018,"18",1,10,4.88888888888889,4,2.62231638249021,3,7,"18",909,1121,977.222222222222,951,60.2914730985656,928,1008,"18",1,9,5.16666666666667,4.5,2.73353657780945,3,8,"18",899,1079,981.388888888889,960,57.5385270819947,935,1044,"17",1,9,5.05882352941176,6,2.36321287371773,3,7,"17",875,1082,981.058823529412,986,52.1845938367832,945,1019
"06700",Chatham Islands Territory,793.94721961,13577.6892201,496342.748222,"2",0,0,0,0,0,0,0,"2",0,0,0,0,0,0,0,"2",0,0,0,0,0,0,0,"2",0,0,0,0,0,0,0,"0",,,,,,,,"0",,,,,,,,"1",6,6,6,6,0,6,6,"1",986,986,986,986,0,986,986,"1",7,7,7,7,0,7,7,"1",1008,1008,1008,1008,0,1008,1008,"1",8,8,8,8,0,8,8,"1",1057,1057,1057,1057,0,1057,1057
"07617",Mangere-Otahuhu Local Board Area,52.5106812,116.04266069,55193.2468271,"13",968,1228,1125.84615384615,1149,79.2113493750895,1061,1183,"13",5,10,9.07692307692308,10,1.59139698965978,9,10,"13",967,1262,1130.07692307692,1155,78.841088017374,1071,1180,"13",5,10,9.23076923076923,10,1.42255707760823,9,10,"13",6,10,9.46153846153846,10,1.15127919593044,10,10,"13",986,1312,1156.69230769231,1178,79.6293187360464,1122,1196,"19",5,10,9.42105263157895,10,1.18391809254758,9,10,"19",975,1306,1139.89473684211,1164,68.8712717870254,1093,1177,"19",5,10,9.52631578947368,10,1.1862555441668,10,10,"19",970,1337,1154.36842105263,1164,75.9454170519271,1113.5,1187.5,"25",5,10,9.44,10,1.1689311356962,9,10,"25",974,1240,1144.44,1173,63.3195578000984,1104,1182
"07618",Otara-Papatoetoe Local Board Area,37.10970768,43.68327078,45013.9888523,"16",958,1249,1086.1875,1058,94.8249826983902,1001.5,1184.5,"16",4,10,8.0625,8,1.9515618744995,6.5,10,"16",969,1252,1097.625,1044,97.4242494197415,1020.5,1214,"16",5,10,8.375,8,1.65359456941537,7.5,10,"17",7,10,9.11764705882353,9,0.962982679043818,8,10,"17",1007,1251,1120.76470588235,1071,84.8323810344394,1050,1204,"17",6,10,9.05882352941176,9,1.10988013318313,8,10,"17",991,1250,1116.05882352941,1085,82.3503781113755,1043,1202,"20",7,10,8.95,9,1.16081867662439,8,10,"20",1008,1270,1122.1,1082.5,91.1487246208086,1042,1227,"25",7,10,8.96,9,0.999199679743744,8,10,"25",1021,1290,1128.4,1084,87.7008551839718,1062,1214
"07619",Manurewa Local Board Area,37.11612368,43.24979652,33248.5204986,"12",918,1246,1054.75,1056.5,84.3505828867432,1018.5,1097,"12",2,10,7.58333333333333,8.5,2.72208049517685,7,9.5,"12",922,1229,1056.25,1064,80.5989298936406,1016,1097.5,"12",2,10,7.66666666666667,9,2.74873708374511,7,9.5,"15",1,10,8,9,2.82842712474619,8,10,"15",900,1227,1079.06666666667,1102,89.5242735550284,1040,1134.5,"19",2,10,8.52631578947368,10,2.34786400244163,9,10,"19",927,1223,1099.84210526316,1116,82.1463797183481,1080.5,1165,"21",1,10,8.42857142857143,10,2.66496544373966,7,10,"21",900,1238,1109,1128,99.0127456922785,1023,1189,"28",2,10,8.28571428571429,10,2.43276948084663,6.5,10,"28",916,1286,1112.28571428571,1148,105.085970635903,1005,1192.5
"07620",Papakura Local Board Area,40.22507078,45.65860013,37626.3827223,"12",900,1186,1023.58333333333,1021.5,84.8395135273391,953.5,1080,"12",1,10,6.41666666666667,7.5,3.12138680005467,4,9,"12",883,1200,1026.58333333333,1021,86.1292230056417,965,1077.5,"12",1,10,6.75,7.5,2.8613807855649,5,9,"14",1,10,7.14285714285714,8,2.87494454249973,5,9,"14",891,1214,1041.14285714286,1042.5,86.5223812026668,969,1088,"14",1,10,7.5,8.5,2.84730448971354,6,10,"14",902,1209,1055.71428571429,1058,84.9936372168349,991,1122,"14",1,10,8,9,2.56347977784662,7,10,"14",888,1237,1069.14285714286,1073,90.5182358445422,1000,1127,"21",1,10,7.19047619047619,9,3.20147358361364,4,10,"21",890,1227,1052.57142857143,1071,92.0023661334297,960,1116
"07621",Franklin Local Board Area,1199.75430415,2282.00726489,349313.490099,"19",0,1098,888.842105263158,931,213.668277860774,916,948,"19",0,9,2.94736842105263,3,1.9049432706162,2,4,"19",0,1103,890.578947368421,930,214.99334525551,914,954.5,"19",0,9,2.94736842105263,2,2.0124267678216,2,4,"18",1,9,3.16666666666667,3,2.03442593595562,2,4,"18",890,1089,939.055555555556,928,44.429059837281,910,954,"20",1,9,3,2,2.07364413533277,1.5,4,"20",891,1067,937.5,925,38.8194538859062,915,949.5,"25",1,9,3.88,3,2.16,2,6,"25",897,1070,950.8,935,41.8702758529246,925,976,"35",1,10,4,4,2.57460121738716,2,6,"35",876,1137,962.4,950,58.4266084196967,917,986
"99900",Area Outside Territorial Authority,30.01097712,127028.875863,13534991.1533,"19",0,0,0,0,0,0,0,"19",0,0,0,0,0,0,0,"26",0,0,0,0,0,0,0,"26",0,0,0,0,0,0,0,"0",,,,,,,,"0",,,,,,,,"0",,,,,,,,"0",,,,,,,,"0",,,,,,,,"0",,,,,,,,"0",,,,,,,,"0",,,,,,,
"07605",Devonport-Takapuna Local Board Area,20.04454973,55.82058482,34573.9230614,"14",0,969,867.928571428571,937.5,241.680859306446,913,951,"14",0,5,2.78571428571429,3,1.31901323661567,2,4,"14",0,972,869.357142857143,931.5,241.953834776937,922,945,"14",0,5,2.78571428571429,3,1.42320420322652,2,3,"13",1,5,3,3,1.30088727117598,2,4,"13",893,969,933.076923076923,936,22.5131125499428,920,951,"13",1,5,2.84615384615385,3,1.16659622216178,2,4,"13",890,973,933,935,22.1220391326075,923,951,"13",1,5,2.76923076923077,3,1.18671143234935,2,4,"13",896,967,929.307692307692,934,21.2073449373075,912,945,"19",1,5,3.26315789473684,4,1.51630108325136,2,5,"19",897,980,941.894736842105,951,27.1543245307303,915,967
"07609",Waiheke Local Board Area,154.77259702,1353.46375806,156893.160028,"3",0,1124,374.666666666667,0,529.85868136912,0,562,"3",0,10,3.33333333333333,0,4.71404520791032,0,5,"3",0,1069,356.333333333333,0,503.931432725613,0,534.5,"3",0,9,3,0,4.24264068711928,0,4.5,"1",8,8,8,8,0,8,8,"1",1044,1044,1044,1044,0,1044,1044,"1",7,7,7,7,0,7,7,"1",1018,1018,1018,1018,0,1018,1018,"1",6,6,6,6,0,6,6,"1",993,993,993,993,0,993,993,"7",4,6,5,5,0.534522483824849,5,5,"7",951,991,973,973,11.351526014468,970,978
"07610",Waitemata Local Board Area,19.42344981,27.92970451,25584.5338757,"14",930,1087,1019.85714285714,1030.5,48.2032262448082,979,1053,"14",3,9,6.71428571428571,7.5,2.01524799709513,5,8,"15",898,1053,967.866666666667,971,39.3528765008212,942,993,"15",1,8,4.6,5,2.09125161884775,3,6,"20",1,10,5.35,5,2.39321958875486,4,7.5,"20",900,1120,982.5,971,56.1137238115597,944,1021.5,"20",1,10,5.15,5,2.74362898366379,3,6.5,"20",909,1155,987.45,965.5,69.2080017050052,940,1009,"20",1,10,4.95,4.5,2.67348087705897,2.5,7,"20",904,1112,976.75,960.5,62.6816360667141,926,1005.5,"32",1,9,5.1875,5,2.33770052615813,3,7,"32",910,1088,984.34375,975,51.6923648708153,937.5,1012
"07611",Whau Local Board Area,26.82255942,49.31698582,44085.5014268,"13",924,1125,1010.30769230769,1022,59.0519779065406,955,1050,"13",2,10,6.30769230769231,7,2.39822419509537,4,8,"13",932,1104,1005.23076923077,1016,50.1078127581746,964,1036,"13",3,9,6.30769230769231,7,2.01473859287828,5,8,"13",3,10,6.92307692307692,8,2.01767339209292,6,8,"13",938,1118,1018.15384615385,1033,51.0999716300481,980,1052,"16",3,9,6.9375,7.5,1.88642353409832,6,8.5,"16",931,1078,1017,1026,43.3546421966552,988,1052.5,"16",3,9,7.0625,7.5,1.91926906659801,6,9,"16",930,1075,1018.3125,1024.5,45.5037343934539,985.5,1060,"25",3,9,6.92,7,1.67140659326209,6,8,"25",946,1098,1023.24,1028,41.9545277651888,1003,1047
"07612",Albert-Eden Local Board Area,28.34154385,32.99874857,39579.2956565,"23",898,1113,1007.69565217391,1018,56.9976618762321,958.5,1044.5,"23",1,10,6.26086956521739,7,2.41764152599267,4,8,"24",913,1096,986.125,978,46.6014238874021,946.5,1014,"24",2,9,5.5,5,2.04124145231932,4,7,"24",2,9,5.58333333333333,6,1.86897179100048,4,6.5,"24",921,1087,984.708333333333,979,43.5970939079914,949,999,"24",2,9,5.375,5,1.84419133136089,4,6.5,"24",924,1102,982.083333333333,972,43.8281841081994,949,998.5,"24",2,9,4.83333333333333,5,2.0138409955991,3.5,6,"24",922,1080,969.958333333333,959,41.3143227451315,943,988,"31",2,9,4.83870967741935,4,1.79779029588294,3,6,"31",928,1082,973.645161290323,964,36.4608038655537,944.5,992
"07613",Puketapapa Local Board Area,18.71831886,28.9927106,33885.8349377,"11",905,1183,1013.63636363636,956,94.146184905345,931.5,1096.5,"11",1,10,5.72727272727273,4,3.49261322041792,2.5,9.5,"11",923,1183,1016.27272727273,965,91.3435979834492,931.5,1092,"11",2,10,5.90909090909091,5,3.34268660197277,2.5,9.5,"11",2,10,6.27272727272727,6,3.16489003373258,3,9.5,"11",921,1173,1018.54545454545,981,86.079628712831,936,1091,"11",2,10,6.36363636363636,6,2.90055566064433,3.5,9,"11",924,1161,1018.90909090909,977,81.4554585987777,945.5,1083,"11",3,10,6.27272727272727,6,2.69986225543955,3.5,8.5,"11",930,1162,1014.45454545455,981,78.9457392901359,943,1076.5,"19",2,10,6.10526315789474,6,2.7700415509349,4,9,"19",928,1192,1019.05263157895,986,86.4075250647282,960,1088
"07615",Maungakiekie-Tamaki Local Board Area,36.37543683,42.5850502,39970.5584702,"17",905,1264,1079.76470588235,1062,96.4502489319294,1005,1159,"17",1,10,7.82352941176471,9,2.50259381013913,6,10,"17",920,1239,1063,1041,90.5843773051662,989,1131,"17",2,10,7.64705882352941,8,2.37489755743369,6,10,"17",2,10,7.52941176470588,8,2.45231336302069,6,10,"17",915,1248,1062,1038,92.9528659811931,999,1109,"17",3,10,7.29411764705882,8,2.29487167095661,6,9,"17",934,1247,1054.47058823529,1027,93.2568355148416,996,1098,"20",3,10,7.2,7.5,2.13541565040626,5.5,9,"20",934,1251,1043.5,1029,85.3993559694685,978.5,1091.5,"26",3,10,7.26923076923077,8,2.01069624963196,6,8,"26",938,1277,1052.30769230769,1032.5,84.3726939198337,993,1060
"07616",Howick Local Board Area,69.68464032,95.36636682,58725.561357,"20",858,969,907.25,906.5,27.4606536702971,888.5,925,"20",1,5,1.8,1.5,1.0295630140987,1,2,"20",877,980,922.9,922,26.5083005867973,903,944.5,"20",1,6,2.4,2,1.42828568570857,1,3.5,"27",1,8,3.07407407407407,3,1.88416256918176,1.5,4,"27",885,1028,932.962962962963,931,36.0827048767252,907.5,956,"28",1,7,3.17857142857143,3,1.8137091322278,2,5,"28",888,1023,939.392857142857,937,31.6005642871343,916.5,960.5,"34",1,7,3.17647058823529,3,1.75684523800801,2,5,"34",885,1022,937.735294117647,931,30.7612330735881,916,959,"48",1,9,3.70833333333333,3,1.79069741224536,2,5,"48",897,1073,952.5625,943,33.5353707859329,929,969
